제목,평점,가격,링크
모아나 (더빙판),4.4,5500,/store/movies/details/%EB%AA%A8%EC%95%84%EB%82%98_%EB%8D%94%EB%B9%99%ED%8C%90?id=Oj8Pz2VH2aA
씽,4.8,4500,/store/movies/details/%EC%94%BD?id=zyixmMY7lmo.P
주토피아 (더빙판),4.6,5500,/store/movies/details/%EC%A3%BC%ED%86%A0%ED%94%BC%EC%95%84_%EB%8D%94%EB%B9%99%ED%8C%90?id=9f1BleOwBgM
미니언즈 (더빙판),4.5,4500,/store/movies/details/%EB%AF%B8%EB%8B%88%EC%96%B8%EC%A6%88_%EB%8D%94%EB%B9%99%ED%8C%90?id=G-uYx6F9hFo
겨울왕국 (더빙판),4.3,5500,/store/movies/details/%EA%B2%A8%EC%9A%B8%EC%99%95%EA%B5%AD_%EB%8D%94%EB%B9%99%ED%8C%90?id=gTgy45QMOGA
슈퍼배드 (더빙판),4.4,4500,/store/movies/details/%EC%8A%88%ED%8D%BC%EB%B0%B0%EB%93%9C_%EB%8D%94%EB%B9%99%ED%8C%90?id=JJ8P9mALYu8
마틸다,4.8,4000,/store/movies/details/%EB%A7%88%ED%8B%B8%EB%8B%A4?id=_zeVL52Iub4
라푼젤 (더빙판),4.3,5500,/store/movies/details/%EB%9D%BC%ED%91%BC%EC%A0%A4_%EB%8D%94%EB%B9%99%ED%8C%90?id=B0ErxSfkKNY
빅 히어로 (더빙판),4.6,5500,/store/movies/details/%EB%B9%85_%ED%9E%88%EC%96%B4%EB%A1%9C_%EB%8D%94%EB%B9%99%ED%8C%90?id=HPZsixgoW5M
미녀와 야수 (더빙판),4.6,5500,/store/movies/details/%EB%AF%B8%EB%85%80%EC%99%80_%EC%95%BC%EC%88%98_%EB%8D%94%EB%B9%99%ED%8C%90?id=WWrUVJLZwk8
찰리와 초콜릿 공장,4.6,4500,/store/movies/details/%EC%B0%B0%EB%A6%AC%EC%99%80_%EC%B4%88%EC%BD%9C%EB%A6%BF_%EA%B3%B5%EC%9E%A5?id=-9ZN8fdtxbw
