숙소,평점,가격,링크
제주리조트,4.5,"78,400원",https://www.yanolja.com/hotel/3012568
더큐브 리조트 제주,4.3,"110,000원",https://www.yanolja.com/hotel/3017869
블루하와이리조트,4.4,"69,000원",https://www.yanolja.com/hotel/3017628
올레리조트,4.8,"219,000원",https://www.yanolja.com/hotel/1000113322
에코그린 리조트&호텔&풀빌라,4.5,"107,000원",https://www.yanolja.com/hotel/1000104384
팜파스호텔 제주,4.5,"63,800원",https://www.yanolja.com/hotel/1000110848
봄그리고가을 호텔&리조트,4.5,"69,900원",https://www.yanolja.com/hotel/3001285
더 포 그레이스 리조트,4.3,"62,000원",https://www.yanolja.com/hotel/3001147
제주 부영호텔&리조트,4.6,예약마감,https://www.yanolja.com/hotel/3016760
랜딩관 제주신화월드 호텔앤리조트,4.6,"224,400원",https://www.yanolja.com/hotel/3011118
그랜드 하얏트 제주,4.8,"536,800원",https://www.yanolja.com/hotel/1000111556
오션스퀘어 리조트,4.4,"54,900원",https://www.yanolja.com/hotel/1000104222
신화관 제주 신화월드 호텔앤리조트,4.6,"308,550원",https://www.yanolja.com/hotel/3015955
캠퍼트리 호텔&리조트 제주,4.8,"220,000원",https://www.yanolja.com/hotel/3010605
물뜰에쉼팡,4.5,"80,500원",https://www.yanolja.com/hotel/3016962
서귀포 블루마운틴리조트,4.5,"168,000원",https://www.yanolja.com/pension/1000105972
메리어트관 제주신화월드 호텔앤리조트,4.6,"316,800원",https://www.yanolja.com/hotel/3011111
콤마앤스파리조트,4.6,"121,000원",https://www.yanolja.com/hotel/3012788
제주 샤모니리조트,4.7,"55,000원",https://www.yanolja.com/hotel/3002281
제주(애월) 마레보 비치 호텔,4.6,예약마감,https://www.yanolja.com/motel/1000103880
서귀포 월드컵리조트,4.5,"60,000원",https://www.yanolja.com/hotel/1000114268
담앤루리조트,4.5,"140,000원",https://www.yanolja.com/hotel/3001261
베니키아 더 제주 리조트,4.1,"50,000원",https://www.yanolja.com/hotel/3016456
제주 한림리조트,5.0,"108,000원",https://www.yanolja.com/hotel/10043138
로긴 리조트,4.6,"94,000원",https://www.yanolja.com/hotel/3017913
돈내코힐 스파 리조트,4.5,"91,000원",https://www.yanolja.com/hotel/3001067
제주 담모라 리조트,4.5,"63,000원",https://www.yanolja.com/hotel/3010500
팜밸리 리조트,4.8,"169,210원",https://www.yanolja.com/hotel/3002019
제주 젠틀리조트펜션,4.9,"49,000원",https://www.yanolja.com/pension/10039888
해비치 호텔&리조트,4.6,"508,200원",https://www.yanolja.com/hotel/3001286
코델리아s 호텔 앤 리조트,4.0,"45,000원",https://www.yanolja.com/hotel/3002197
제주 아름다운리조트,4.0,"49,000원",https://www.yanolja.com/hotel/3001449
제주 아덴힐리조트앤골프,4.8,예약마감,https://www.yanolja.com/hotel/10042410
다인리조트 애월,4.3,"90,440원",https://www.yanolja.com/hotel/3001556
제주 하모니리조트,4.5,"120,000원",https://www.yanolja.com/hotel/1000080307
제주 기린리조트,4.6,"290,000원",https://www.yanolja.com/hotel/10042128
메가리조트,4.0,"40,000원",https://www.yanolja.com/hotel/3001119
씨오르 리조트(구 신성리조트),4.6,"119,000원",https://www.yanolja.com/hotel/3006719
제주 아이브 호텔&리조트,4.2,"54,990원",https://www.yanolja.com/hotel/3001514
제주 휴 리조트,4.7,"80,000원",https://www.yanolja.com/hotel/3009860
소노벨 제주,4.5,예약마감,https://www.yanolja.com/hotel/3000931
제주 마레보 리조트,4.2,"152,000원",https://www.yanolja.com/hotel/3001079
휘닉스 제주 섭지코지,4.6,예약마감,https://www.yanolja.com/hotel/3001109
켄싱턴리조트 서귀포,4.0,"219,000원",https://www.yanolja.com/hotel/3001061
제주 뉴오션 리조트,4.2,"53,500원",https://www.yanolja.com/hotel/3012019
와이 리조트 제주,4.8,"145,000원",https://www.yanolja.com/hotel/3001316
메모리아 리조트,4.4,"69,000원",https://www.yanolja.com/hotel/3014610
금호 제주 리조트,4.6,예약마감,https://www.yanolja.com/hotel/3000837
카이리조트 제주,4.5,"80,000원",https://www.yanolja.com/hotel/3000862
제주 빌레리조트,4.0,"82,000원",https://www.yanolja.com/hotel/1000111670
제주 아모렉스 리조트,4.1,"60,000원",https://www.yanolja.com/hotel/3001108
비스타 리조트,4.3,"105,000원",https://www.yanolja.com/hotel/3006624
흰수염고래 리조트,4.5,"75,000원",https://www.yanolja.com/hotel/3011332
썬앤문 리조트,4.9,예약마감,https://www.yanolja.com/hotel/3006965
제주 고투베드 리조트,4.2,"55,000원",https://www.yanolja.com/hotel/3010695
소노캄 제주,4.5,예약마감,https://www.yanolja.com/hotel/3008624
제주 그림리조트,4.0,"60,000원",https://www.yanolja.com/pension/1000109195
제주 벨룸 리조트,4.6,예약마감,https://www.yanolja.com/hotel/1000114028
제주(용담) 화이트하우스,4.2,예약마감,https://www.yanolja.com/motel/1000097243
제주 씨에스 호텔 앤 리조트,4.7,"414,000원",https://www.yanolja.com/hotel/3001181
제주 스카이호텔,4.6,예약마감,https://www.yanolja.com/motel/1000104181
서귀포 파미유키즈리조트,4.5,"100,000원",https://www.yanolja.com/pension/1000100762
서귀포 에띠에리조트,4.7,예약마감,https://www.yanolja.com/pension/1000092657
제주 중문 제이힐,4.1,"39,900원",https://www.yanolja.com/hotel/3001431
엠버리조트,4.8,"350,000원",https://www.yanolja.com/hotel/3006779
제주 오션갤러리 호텔앤리조트,5.0,"450,000원",https://www.yanolja.com/hotel/1000111295
제주 캐슬풀리조트,4.3,"99,800원",https://www.yanolja.com/pension/3017783
스완지 리조트,4.8,"69,000원",https://www.yanolja.com/hotel/3001575
서귀포 오션트리리조트,4.2,"77,000원",https://www.yanolja.com/pension/3005202
메종드씨엘 하버39 호텔 앤 리조트,5.0,"65,000원",https://www.yanolja.com/hotel/10040654
서귀포 일레인 호텔,4.7,"77,000원",https://www.yanolja.com/guest-house/1000111730
한화리조트 제주,4.1,예약마감,https://www.yanolja.com/hotel/3001417
나르샤 리조트,4.0,"53,000원",https://www.yanolja.com/hotel/3006790
서귀포 돈내코힐스파리조트,4.5,"96,500원",https://www.yanolja.com/pension/3003659
제주 에띠에 리조트,4.2,예약마감,https://www.yanolja.com/hotel/3001071
라사니아 리조트,4.3,"79,000원",https://www.yanolja.com/hotel/3001493
제주 휴리조트,4.6,"94,120원",https://www.yanolja.com/pension/1000113032
세리 리조트,4.7,"49,000원",https://www.yanolja.com/hotel/3001021
서귀포 소금막 리조트,4.7,예약마감,https://www.yanolja.com/motel/1000102031
서귀포 마린포트리조트,4.5,"56,000원",https://www.yanolja.com/pension/1000092663
제주 돔베리조트,4.0,예약마감,https://www.yanolja.com/hotel/3009916
오투힐 리조트,4.0,"140,000원",https://www.yanolja.com/hotel/10042361
더베이 리조트,4.3,"63,000원",https://www.yanolja.com/hotel/3000965
제주 몽돌리조트,4.5,"361,000원",https://www.yanolja.com/pension/10040693
켄싱턴리조트 제주중문,4.4,예약마감,https://www.yanolja.com/hotel/3001812
서귀포 세리리조트,4.5,예약마감,https://www.yanolja.com/motel/26049
제주 썬앤문리조트(19.11리모델링),4.8,예약마감,https://www.yanolja.com/pension/1000092695
서귀포 중문통나무펜션리조트,4.6,"130,000원",https://www.yanolja.com/pension/3005508
제주 드라마2015풀빌라리조트,4.6,"290,000원",https://www.yanolja.com/pension/1000102185
제주 제주리조트,5.0,"84,560원",https://www.yanolja.com/pension/1000095084
제주 힐링리조트,5.0,"58,900원",https://www.yanolja.com/pension/1000105470
서귀포 나르샤 리조트,4.0,예약마감,https://www.yanolja.com/motel/3002348
올레요 리조트,4.0,"48,000원",https://www.yanolja.com/hotel/3000796
제주 틴더타운리조트(야외온수풀무료),5.0,예약마감,https://www.yanolja.com/pension/10043307
서귀포 오크라리조트,5.0,"100,000원",https://www.yanolja.com/pension/3014884
제주 퓨어스테이오션 리조트,4.2,"55,000원",https://www.yanolja.com/guest-house/3014206
제주 더세리리조트,4.0,"49,000원",https://www.yanolja.com/guest-house/1000099467
제주 스완지 리조트,4.3,예약마감,https://www.yanolja.com/guest-house/3016169
제주 뉴오션리조트,4.1,"69,000원",https://www.yanolja.com/pension/3010050
제주 나르샤 리조트,4.6,"55,000원",https://www.yanolja.com/pension/1000092751
서귀포 스프링힐리조트,4.7,"73,000원",https://www.yanolja.com/pension/3006603
서귀포 라사니아캐슬리조트,4.4,"69,000원",https://www.yanolja.com/pension/3009756
서귀포(성산) 메모리아 호텔&리조트,5.0,예약마감,https://www.yanolja.com/motel/1000103494
솔동산스테이,4.7,"46,000원",https://www.yanolja.com/hotel/3001923
제주 에코그린리조트,5.0,예약마감,https://www.yanolja.com/pension/1000092853
서귀포 돌과바람 호텔&리조트,4.4,예약마감,https://www.yanolja.com/motel/1000103493
서귀포 천지연 호텔,4.0,예약마감,https://www.yanolja.com/motel/27393
제주 나르샤 리조트,4.0,"54,000원",https://www.yanolja.com/guest-house/3016079
제주 비자림리조트펜션,4.0,예약마감,https://www.yanolja.com/pension/1000111696
